{"cameraMode":{"drawMode":0,"name":"Shaded","section":"Shading Mode"},"sceneLighting":true,"audioPlay":false,"sceneViewState":{"showFog":true,"showMaterialUpdate":true,"showSkybox":true,"showFlares":true,"showImageEffects":true,"showParticleSystems":true},"in2DMode":false,"pivot":{"x":-0.44321998953819277,"y":0.7644379138946533,"z":0.9949600100517273},"rotation":{"x":-0.033632319420576099,"y":-0.5659087896347046,"z":0.023075396195054055,"w":-0.823483407497406},"size":0.14233757555484773,"orthographic":false}