{"cameraMode":{"drawMode":0,"name":"Shaded","section":"Shading Mode"},"sceneLighting":false,"audioPlay":false,"sceneViewState":{"showFog":true,"showMaterialUpdate":true,"showSkybox":false,"showFlares":true,"showImageEffects":true,"showParticleSystems":true},"in2DMode":false,"pivot":{"x":0.0,"y":1.4435499906539917e-8,"z":0.013383500277996064},"rotation":{"x":-0.17626464366912843,"y":0.4849284589290619,"z":-0.10047762840986252,"w":-0.850695013999939},"size":0.015053593553602696,"orthographic":false}