{"cameraMode":{"drawMode":0,"name":"Shaded","section":"Shading Mode"},"sceneLighting":true,"audioPlay":false,"sceneViewState":{"showFog":true,"showMaterialUpdate":false,"showSkybox":true,"showFlares":true,"showImageEffects":true,"showParticleSystems":true},"in2DMode":false,"pivot":{"x":12.324031829833985,"y":-20.349943161010743,"z":4.464728832244873},"rotation":{"x":-0.27610042691230776,"y":-0.6409552693367004,"z":0.26550376415252688,"w":-0.6653182506561279},"size":15.647077560424805,"orthographic":false}